{"stats":{"minecraft:crafted":{"minecraft:brick":124,"minecraft:oak_planks":248,"minecraft:oak_pressure_plate":1,"minecraft:furnace":4,"minecraft:stone":196,"minecraft:cake":2,"minecraft:glass":29,"minecraft:stone_brick_slab":30,"minecraft:spruce_stairs":40,"minecraft:iron_axe":1,"minecraft:spruce_wood":3,"minecraft:spruce_slab":6,"minecraft:stone_pickaxe":3,"minecraft:cobblestone_wall":48,"minecraft:chest":2,"minecraft:bricks":30,"minecraft:stone_bricks":192,"minecraft:cooked_beef":6,"minecraft:sugar":6,"minecraft:red_dye":5,"minecraft:crafting_table":4,"minecraft:spruce_planks":204,"minecraft:iron_helmet":1,"minecraft:wooden_pickaxe":2,"minecraft:spruce_door":3,"minecraft:red_bed":1,"minecraft:red_wool":3,"minecraft:bucket":3,"minecraft:campfire":1,"minecraft:stone_axe":2,"minecraft:stone_brick_stairs":40,"minecraft:stick":40,"minecraft:stone_slab":6,"minecraft:iron_ingot":5,"minecraft:iron_pickaxe":1,"minecraft:oak_stairs":96,"minecraft:stone_sword":2,"minecraft:iron_shovel":2,"minecraft:spruce_fence_gate":2,"minecraft:torch":72},"minecraft:picked_up":{"minecraft:crafting_table":2,"minecraft:iron_chestplate":6,"minecraft:wheat":13,"minecraft:chicken":4,"minecraft:clay_ball":124,"minecraft:lead":13,"minecraft:wooden_pickaxe":1,"minecraft:oak_stairs":11,"minecraft:stone_brick_stairs":6,"minecraft:shield":2,"minecraft:brick":22,"minecraft:string":3,"minecraft:iron_axe":2,"minecraft:iron_leggings":6,"minecraft:iron_shovel":2,"minecraft:detector_rail":1,"minecraft:spruce_planks":216,"minecraft:beef":6,"minecraft:poppy":10,"minecraft:iron_pickaxe":6,"minecraft:sugar_cane":6,"minecraft:iron_boots":6,"minecraft:egg":37,"minecraft:stick":40,"minecraft:stone":4,"minecraft:oak_door":2,"minecraft:oak_fence":2,"minecraft:torch":64,"minecraft:spruce_stairs":3,"minecraft:porkchop":21,"minecraft:diorite":13,"minecraft:carrot":1,"minecraft:redstone":50,"minecraft:stone_sword":2,"minecraft:arrow":9,"minecraft:rotten_flesh":18,"minecraft:stone_shovel":3,"minecraft:mutton":4,"minecraft:rail":6,"minecraft:snowball":153,"minecraft:white_wool":4,"minecraft:cobblestone":603,"minecraft:feather":1,"minecraft:water_bucket":1,"minecraft:andesite":6,"minecraft:leather":3,"minecraft:flint":2,"minecraft:oak_log":62,"minecraft:cobblestone_wall":14,"minecraft:lapis_lazuli":9,"minecraft:dirt":786,"minecraft:cooked_mutton":3,"minecraft:bone":22,"minecraft:apple":2,"minecraft:stone_bricks":99,"minecraft:bow":1,"minecraft:wheat_seeds":47,"minecraft:iron_ingot":48,"minecraft:stone_pickaxe":4,"minecraft:cooked_chicken":2,"minecraft:iron_ore":47,"minecraft:iron_sword":5,"minecraft:oak_planks":88,"minecraft:cooked_porkchop":11,"minecraft:pumpkin":19,"minecraft:sweet_berries":82,"minecraft:oak_pressure_plate":1,"minecraft:gravel":12,"minecraft:sand":93,"minecraft:spruce_sapling":26,"minecraft:grass_block":2,"minecraft:white_bed":2,"minecraft:spruce_log":241,"minecraft:gold_ore":5,"minecraft:spider_eye":4,"minecraft:spruce_fence_gate":1,"minecraft:pumpkin_seeds":2,"minecraft:diamond":4,"minecraft:stone_axe":8,"minecraft:iron_helmet":3,"minecraft:granite":6,"minecraft:oak_sapling":5,"minecraft:bricks":8,"minecraft:coal":96,"minecraft:ender_pearl":3},"minecraft:broken":{"minecraft:iron_shovel":1,"minecraft:wooden_pickaxe":1,"minecraft:stone_pickaxe":1,"minecraft:stone_axe":2,"minecraft:iron_sword":1,"minecraft:iron_pickaxe":1,"minecraft:stone_shovel":2},"minecraft:custom":{"minecraft:mob_kills":45,"minecraft:animals_bred":2,"minecraft:interact_with_crafting_table":80,"minecraft:open_barrel":6,"minecraft:eat_cake_slice":9,"minecraft:leave_game":7,"minecraft:time_since_death":94561,"minecraft:climb_one_cm":404,"minecraft:sprint_one_cm":226736,"minecraft:walk_one_cm":2214311,"minecraft:drop":208,"minecraft:talked_to_villager":3,"minecraft:deaths":24,"minecraft:sneak_time":20645,"minecraft:walk_under_water_one_cm":19260,"minecraft:jump":4021,"minecraft:interact_with_blast_furnace":5,"minecraft:walk_on_water_one_cm":38961,"minecraft:interact_with_furnace":56,"minecraft:play_one_minute":361027,"minecraft:sleep_in_bed":21,"minecraft:time_since_rest":11053,"minecraft:damage_taken":7725,"minecraft:damage_dealt":7587,"minecraft:swim_one_cm":910,"minecraft:fly_one_cm":133496,"minecraft:open_chest":132,"minecraft:crouch_one_cm":54559,"minecraft:fall_one_cm":84792},"minecraft:killed":{"minecraft:spider":3,"minecraft:skeleton":7,"minecraft:chicken":4,"minecraft:pig":10,"minecraft:wandering_trader":1,"minecraft:sheep":2,"minecraft:zombie":11,"minecraft:enderman":3,"minecraft:cow":2},"minecraft:killed_by":{"minecraft:zombie_villager":1,"minecraft:creeper":6,"minecraft:spider":2,"minecraft:enderman":2,"minecraft:skeleton":3,"minecraft:zombie":6},"minecraft:used":{"minecraft:oak_fence":2,"minecraft:stone_sword":36,"minecraft:iron_shovel":250,"minecraft:spruce_slab":6,"minecraft:stone_shovel":265,"minecraft:poppy":2,"minecraft:chest":2,"minecraft:spruce_planks":27,"minecraft:iron_sword":136,"minecraft:stone":1,"minecraft:oak_door":2,"minecraft:torch":80,"minecraft:dirt":411,"minecraft:spruce_stairs":41,"minecraft:cobblestone_wall":55,"minecraft:granite":1,"minecraft:snowball":94,"minecraft:milk_bucket":3,"minecraft:glass":4,"minecraft:stone_brick_slab":30,"minecraft:bricks":30,"minecraft:iron_axe":110,"minecraft:grass_block":1,"minecraft:oak_stairs":107,"minecraft:stone_brick_stairs":46,"minecraft:stone_bricks":121,"minecraft:sweet_berries":101,"minecraft:oak_sapling":5,"minecraft:furnace":4,"minecraft:wheat_seeds":18,"minecraft:cooked_mutton":2,"minecraft:water_bucket":3,"minecraft:diorite":13,"minecraft:spruce_door":3,"minecraft:stone_pickaxe":204,"minecraft:oak_planks":105,"minecraft:wooden_pickaxe":59,"minecraft:sugar_cane":3,"minecraft:spruce_fence_gate":3,"minecraft:white_wool":2,"minecraft:rail":2,"minecraft:crafting_table":4,"minecraft:red_bed":1,"minecraft:white_bed":2,"minecraft:campfire":1,"minecraft:spruce_log":53,"minecraft:cake":2,"minecraft:apple":2,"minecraft:iron_pickaxe":279,"minecraft:string":1,"minecraft:stone_slab":6,"minecraft:oak_pressure_plate":2,"minecraft:gravel":7,"minecraft:spruce_sapling":23,"minecraft:stone_axe":265,"minecraft:cobblestone":111,"minecraft:cooked_porkchop":2,"minecraft:andesite":3,"minecraft:bucket":2},"minecraft:dropped":{"minecraft:bread":1,"minecraft:wheat_seeds":5,"minecraft:diamond":4,"minecraft:iron_helmet":1,"minecraft:rail":1,"minecraft:coal":34,"minecraft:dirt":149,"minecraft:iron_leggings":1,"minecraft:bricks":1,"minecraft:stone_axe":1,"minecraft:stone_shovel":1,"minecraft:chicken":1,"minecraft:rotten_flesh":10,"minecraft:iron_boots":1,"minecraft:poppy":2,"minecraft:spruce_planks":50,"minecraft:iron_chestplate":1,"minecraft:spider_eye":2,"minecraft:glass":11},"minecraft:mined":{"minecraft:spruce_planks":10,"minecraft:white_bed":2,"minecraft:oak_door":1,"minecraft:granite":2,"minecraft:grass_block":212,"minecraft:oak_pressure_plate":1,"minecraft:spruce_leaves":126,"minecraft:large_fern":7,"minecraft:redstone_ore":11,"minecraft:spruce_sapling":1,"minecraft:iron_ore":46,"minecraft:snow":65,"minecraft:pumpkin":19,"minecraft:rail":3,"minecraft:oak_stairs":11,"minecraft:stone":355,"minecraft:white_wool":2,"minecraft:clay":32,"minecraft:crafting_table":2,"minecraft:torch":11,"minecraft:poppy":6,"minecraft:cobblestone":12,"minecraft:glass":8,"minecraft:lapis_ore":1,"minecraft:sugar_cane":6,"minecraft:oak_planks":24,"minecraft:bricks":9,"minecraft:diorite":3,"minecraft:wall_torch":4,"minecraft:spruce_stairs":4,"minecraft:cobblestone_wall":14,"minecraft:wheat":13,"minecraft:sweet_berry_bush":10,"minecraft:spruce_log":148,"minecraft:stone_brick_stairs":6,"minecraft:grass":5,"minecraft:oak_log":62,"minecraft:coal_ore":76,"minecraft:gravel":7,"minecraft:sand":94,"minecraft:dirt":216,"minecraft:spruce_fence_gate":1,"minecraft:stone_bricks":1,"minecraft:gold_ore":5,"minecraft:oak_leaves":5,"minecraft:fern":2}},"DataVersion":2584}