{"stats":{"minecraft:killed_by":{"minecraft:stray":1,"minecraft:creeper":4,"minecraft:silverfish":1,"minecraft:skeleton":2,"minecraft:zombie":7},"minecraft:mined":{"minecraft:diamond_ore":9,"minecraft:spruce_planks":182,"minecraft:white_bed":8,"minecraft:oak_door":3,"minecraft:obsidian":22,"minecraft:granite":36,"minecraft:stone_brick_wall":1,"minecraft:spruce_fence":4,"minecraft:grass_block":758,"minecraft:light_gray_bed":1,"minecraft:oak_pressure_plate":1,"minecraft:spruce_leaves":219,"minecraft:large_fern":5,"minecraft:redstone_ore":14,"minecraft:spruce_sapling":4,"minecraft:furnace":3,"minecraft:carrots":53,"minecraft:iron_ore":233,"minecraft:barrel":4,"minecraft:snow":11,"minecraft:andesite":64,"minecraft:rail":32,"minecraft:spruce_pressure_plate":5,"minecraft:stone":1340,"minecraft:smithing_table":1,"minecraft:brown_mushroom":1,"minecraft:red_bed":3,"minecraft:smoker":1,"minecraft:spruce_door":2,"minecraft:crafting_table":6,"minecraft:torch":4,"minecraft:emerald_ore":6,"minecraft:poppy":1,"minecraft:cobblestone":105,"minecraft:lapis_ore":3,"minecraft:oak_planks":104,"minecraft:sugar_cane":8,"minecraft:diorite":56,"minecraft:wall_torch":20,"minecraft:spruce_stairs":18,"minecraft:wheat":113,"minecraft:sweet_berry_bush":64,"minecraft:spruce_log":368,"minecraft:stone_brick_stairs":10,"minecraft:grass_path":2,"minecraft:grass":13,"minecraft:coal_ore":324,"minecraft:oak_log":13,"minecraft:gravel":52,"minecraft:dirt":703,"minecraft:spruce_fence_gate":2,"minecraft:stone_bricks":12,"minecraft:gold_ore":30,"minecraft:oak_leaves":11,"minecraft:fern":12},"minecraft:killed":{"minecraft:witch":1,"minecraft:spider":6,"minecraft:skeleton":15,"minecraft:chicken":1,"minecraft:pig":1,"minecraft:zombie_villager":3,"minecraft:salmon":1,"minecraft:creeper":2,"minecraft:sheep":4,"minecraft:pillager":4,"minecraft:zombie":36,"minecraft:cow":2},"minecraft:broken":{"minecraft:stone_pickaxe":13,"minecraft:shield":1,"minecraft:stone_axe":6,"minecraft:stone_shovel":7},"minecraft:custom":{"minecraft:mob_kills":78,"minecraft:animals_bred":10,"minecraft:interact_with_crafting_table":110,"minecraft:open_barrel":31,"minecraft:leave_game":14,"minecraft:time_since_death":10757,"minecraft:climb_one_cm":6494,"minecraft:sprint_one_cm":1243154,"minecraft:walk_one_cm":2683379,"minecraft:damage_blocked_by_shield":2540,"minecraft:drop":97,"minecraft:sneak_time":3672,"minecraft:deaths":17,"minecraft:walk_under_water_one_cm":13911,"minecraft:jump":8699,"minecraft:interact_with_blast_furnace":18,"minecraft:walk_on_water_one_cm":47349,"minecraft:interact_with_furnace":61,"minecraft:play_one_minute":656653,"minecraft:interact_with_stonecutter":6,"minecraft:sleep_in_bed":48,"minecraft:time_since_rest":58,"minecraft:damage_taken":9099,"minecraft:damage_dealt":14876,"minecraft:swim_one_cm":641,"minecraft:fly_one_cm":423446,"minecraft:open_chest":128,"minecraft:crouch_one_cm":4589,"minecraft:interact_with_smoker":13,"minecraft:fall_one_cm":123885},"minecraft:picked_up":{"minecraft:crafting_table":7,"minecraft:iron_chestplate":2,"minecraft:wheat":129,"minecraft:chicken":4,"minecraft:ladder":1,"minecraft:lead":1,"minecraft:brown_mushroom":1,"minecraft:stone_brick_wall":1,"minecraft:stone_brick_stairs":10,"minecraft:shield":3,"minecraft:string":6,"minecraft:red_bed":5,"minecraft:iron_leggings":2,"minecraft:detector_rail":3,"minecraft:spruce_planks":359,"minecraft:beef":4,"minecraft:poppy":5,"minecraft:iron_pickaxe":4,"minecraft:minecart":1,"minecraft:sugar_cane":12,"minecraft:chest":1,"minecraft:furnace":4,"minecraft:iron_boots":2,"minecraft:egg":3,"minecraft:spruce_pressure_plate":6,"minecraft:stick":125,"minecraft:stone":14,"minecraft:oak_door":3,"minecraft:torch":89,"minecraft:spruce_stairs":18,"minecraft:spruce_fence":3,"minecraft:porkchop":4,"minecraft:diorite":61,"minecraft:carrot":229,"minecraft:redstone":47,"minecraft:stone_sword":3,"minecraft:arrow":47,"minecraft:light_gray_bed":2,"minecraft:stone_shovel":2,"minecraft:rotten_flesh":63,"minecraft:cooked_cod":3,"minecraft:gold_ingot":2,"minecraft:obsidian":21,"minecraft:mutton":6,"minecraft:snowball":50,"minecraft:rail":41,"minecraft:white_wool":7,"minecraft:cobblestone":1486,"minecraft:cooked_beef":2,"minecraft:andesite":81,"minecraft:salmon":1,"minecraft:leather":2,"minecraft:smoker":1,"minecraft:flint":5,"minecraft:oak_log":13,"minecraft:gunpowder":3,"minecraft:lapis_lazuli":17,"minecraft:dirt":1885,"minecraft:name_tag":1,"minecraft:cooked_mutton":7,"minecraft:bone":45,"minecraft:apple":1,"minecraft:stone_bricks":16,"minecraft:bow":6,"minecraft:wheat_seeds":324,"minecraft:iron_ingot":67,"minecraft:iron_ore":252,"minecraft:stone_pickaxe":10,"minecraft:iron_sword":1,"minecraft:oak_planks":102,"minecraft:cooked_porkchop":2,"minecraft:sweet_berries":376,"minecraft:oak_pressure_plate":2,"minecraft:gravel":50,"minecraft:spruce_sapling":98,"minecraft:white_bed":10,"minecraft:spruce_log":364,"minecraft:gold_ore":30,"minecraft:spruce_door":5,"minecraft:spider_eye":5,"minecraft:barrel":4,"minecraft:spruce_fence_gate":2,"minecraft:pumpkin_seeds":2,"minecraft:diamond":9,"minecraft:stone_axe":4,"minecraft:iron_helmet":2,"minecraft:crossbow":2,"minecraft:granite":52,"minecraft:painting":15,"minecraft:bread":1,"minecraft:emerald":6,"minecraft:oak_sapling":9,"minecraft:coal":362},"minecraft:dropped":{"minecraft:water_bucket":2,"minecraft:stone_hoe":1,"minecraft:iron_ingot":111,"minecraft:bread":3,"minecraft:iron_sword":1,"minecraft:wheat_seeds":3,"minecraft:oak_log":5,"minecraft:iron_helmet":1,"minecraft:cobblestone":123,"minecraft:granite":9,"minecraft:coal":41,"minecraft:flint":1,"minecraft:stick":11,"minecraft:dirt":161,"minecraft:diorite":19,"minecraft:torch":85,"minecraft:snowball":11,"minecraft:iron_leggings":1,"minecraft:iron_pickaxe":2,"minecraft:white_wool":1,"minecraft:bone":16,"minecraft:gold_ingot":11,"minecraft:dandelion":1,"minecraft:gravel":7,"minecraft:stone_axe":2,"minecraft:detector_rail":3,"minecraft:stone_sword":3,"minecraft:wheat":16,"minecraft:stone_shovel":1,"minecraft:chicken":2,"minecraft:rotten_flesh":10,"minecraft:oak_planks":5,"minecraft:iron_boots":1,"minecraft:white_bed":1,"minecraft:pumpkin_seeds":2,"minecraft:carrot":1,"minecraft:poppy":2,"minecraft:shield":2,"minecraft:gunpowder":3,"minecraft:spruce_planks":21,"minecraft:iron_chestplate":1,"minecraft:andesite":25,"minecraft:chest":1,"minecraft:ladder":2,"minecraft:oak_sapling":1,"minecraft:spider_eye":4,"minecraft:stone_bricks":7,"minecraft:painting":1,"minecraft:spruce_log":104,"minecraft:iron_ore":27,"minecraft:bow":1,"minecraft:arrow":7,"minecraft:stone_pickaxe":4},"minecraft:crafted":{"minecraft:smooth_stone":6,"minecraft:stone_shovel":12,"minecraft:stone_brick_wall":138,"minecraft:cooked_chicken":3,"minecraft:furnace":5,"minecraft:blast_furnace":2,"minecraft:stone":282,"minecraft:bone_meal":93,"minecraft:cooked_mutton":6,"minecraft:flint_and_steel":1,"minecraft:stone_brick_slab":32,"minecraft:spruce_stairs":8,"minecraft:bow":5,"minecraft:iron_boots":1,"minecraft:iron_axe":1,"minecraft:ladder":6,"minecraft:stone_pickaxe":22,"minecraft:chest":2,"minecraft:stone_hoe":2,"minecraft:stone_bricks":148,"minecraft:smoker":1,"minecraft:cooked_beef":10,"minecraft:red_dye":1,"minecraft:crossbow":1,"minecraft:crafting_table":2,"minecraft:enchanting_table":1,"minecraft:spruce_planks":256,"minecraft:iron_helmet":1,"minecraft:wooden_pickaxe":1,"minecraft:red_bed":1,"minecraft:bucket":3,"minecraft:stone_axe":13,"minecraft:bread":23,"minecraft:stone_brick_stairs":71,"minecraft:iron_chestplate":1,"minecraft:book":1,"minecraft:paper":3,"minecraft:diamond_pickaxe":1,"minecraft:shield":2,"minecraft:stick":128,"minecraft:iron_ingot":82,"minecraft:iron_pickaxe":1,"minecraft:iron_leggings":1,"minecraft:stone_sword":3,"minecraft:gold_ingot":41,"minecraft:stonecutter":1,"minecraft:white_bed":2,"minecraft:torch":224},"minecraft:used":{"minecraft:stone_sword":138,"minecraft:enchanting_table":1,"minecraft:flint_and_steel":2,"minecraft:stone_shovel":946,"minecraft:ladder":5,"minecraft:poppy":1,"minecraft:chest":2,"minecraft:spruce_planks":411,"minecraft:shield":58,"minecraft:iron_sword":32,"minecraft:stone":3,"minecraft:rotten_flesh":3,"minecraft:stone_hoe":62,"minecraft:oak_door":1,"minecraft:torch":188,"minecraft:dirt":1521,"minecraft:spruce_stairs":41,"minecraft:carrot":171,"minecraft:granite":36,"minecraft:obsidian":21,"minecraft:stone_brick_slab":12,"minecraft:iron_axe":3,"minecraft:stone_brick_stairs":83,"minecraft:barrel":9,"minecraft:stone_bricks":32,"minecraft:beef":2,"minecraft:sweet_berries":406,"minecraft:furnace":3,"minecraft:cooked_cod":1,"minecraft:egg":3,"minecraft:cooked_beef":3,"minecraft:light_gray_bed":2,"minecraft:wheat_seeds":149,"minecraft:cooked_mutton":2,"minecraft:water_bucket":52,"minecraft:diorite":25,"minecraft:spruce_door":6,"minecraft:stone_pickaxe":2092,"minecraft:oak_planks":12,"minecraft:wooden_pickaxe":21,"minecraft:sugar_cane":1,"minecraft:spruce_fence_gate":2,"minecraft:stonecutter":1,"minecraft:crafting_table":6,"minecraft:red_bed":5,"minecraft:blast_furnace":2,"minecraft:painting":14,"minecraft:white_bed":9,"minecraft:stone_brick_wall":19,"minecraft:spruce_log":55,"minecraft:smoker":1,"minecraft:diamond_pickaxe":83,"minecraft:spruce_pressure_plate":3,"minecraft:chicken":2,"minecraft:iron_pickaxe":159,"minecraft:gravel":15,"minecraft:bread":21,"minecraft:spruce_sapling":19,"minecraft:stone_axe":953,"minecraft:cobblestone":555,"minecraft:andesite":2,"minecraft:cooked_porkchop":1,"minecraft:smithing_table":1,"minecraft:bucket":55,"minecraft:bone_meal":93}},"DataVersion":2584}