{"stats":{"minecraft:crafted":{"minecraft:black_dye":17,"minecraft:oak_planks":16,"minecraft:smooth_stone_slab":6,"minecraft:cobblestone_stairs":8,"minecraft:stone":24,"minecraft:cake":3,"minecraft:iron_axe":1,"minecraft:black_wool":17,"minecraft:wheat":360,"minecraft:sugar":6,"minecraft:item_frame":1,"minecraft:crafting_table":1,"minecraft:bread":100,"minecraft:oak_boat":1,"minecraft:stick":44,"minecraft:black_bed":2,"minecraft:armor_stand":2,"minecraft:torch":16,"minecraft:shears":1},"minecraft:picked_up":{"minecraft:iron_chestplate":2,"minecraft:crafting_table":1,"minecraft:wheat":18,"minecraft:chicken":5,"minecraft:ladder":2,"minecraft:stone_brick_stairs":1,"minecraft:string":2,"minecraft:red_bed":1,"minecraft:iron_axe":1,"minecraft:iron_leggings":2,"minecraft:armor_stand":1,"minecraft:iron_shovel":1,"minecraft:smooth_stone":8,"minecraft:spruce_planks":3,"minecraft:beef":11,"minecraft:oak_boat":1,"minecraft:rose_bush":1,"minecraft:iron_pickaxe":1,"minecraft:light_gray_wool":3,"minecraft:sugar_cane":7,"minecraft:birch_sapling":1,"minecraft:iron_boots":1,"minecraft:egg":9,"minecraft:stick":2,"minecraft:composter":1,"minecraft:torch":26,"minecraft:porkchop":5,"minecraft:carrot":7,"minecraft:arrow":2,"minecraft:rotten_flesh":5,"minecraft:beetroot_seeds":5,"minecraft:peony":5,"minecraft:shears":1,"minecraft:hay_block":64,"minecraft:mutton":34,"minecraft:cobblestone":156,"minecraft:white_wool":28,"minecraft:oxeye_daisy":1,"minecraft:birch_log":35,"minecraft:birch_leaves":9,"minecraft:feather":2,"minecraft:water_bucket":1,"minecraft:leather":6,"minecraft:potato":4,"minecraft:oak_log":18,"minecraft:yellow_bed":5,"minecraft:cobblestone_wall":3,"minecraft:cobblestone_stairs":1,"minecraft:dirt":163,"minecraft:bone":11,"minecraft:stonecutter":1,"minecraft:wheat_seeds":14,"minecraft:iron_ingot":2,"minecraft:stripped_oak_wood":3,"minecraft:cooked_porkchop":9,"minecraft:spruce_sapling":4,"minecraft:ink_sac":17,"minecraft:blast_furnace":1,"minecraft:white_bed":2,"minecraft:barrel":1,"minecraft:spider_eye":1,"minecraft:iron_helmet":1,"minecraft:painting":5,"minecraft:oak_sapling":1,"minecraft:oak_leaves":131,"minecraft:bricks":2,"minecraft:coal":32},"minecraft:broken":{"minecraft:iron_axe":1},"minecraft:custom":{"minecraft:mob_kills":49,"minecraft:interact_with_crafting_table":18,"minecraft:open_barrel":2,"minecraft:eat_cake_slice":2,"minecraft:leave_game":1,"minecraft:time_since_death":104373,"minecraft:climb_one_cm":1320,"minecraft:sprint_one_cm":126458,"minecraft:walk_one_cm":584932,"minecraft:drop":42,"minecraft:sneak_time":619,"minecraft:walk_under_water_one_cm":9164,"minecraft:boat_one_cm":4030,"minecraft:jump":1062,"minecraft:interact_with_blast_furnace":1,"minecraft:walk_on_water_one_cm":12946,"minecraft:interact_with_furnace":7,"minecraft:play_one_minute":104373,"minecraft:sleep_in_bed":11,"minecraft:time_since_rest":9767,"minecraft:damage_taken":722,"minecraft:damage_dealt":4620,"minecraft:swim_one_cm":13,"minecraft:fly_one_cm":105417,"minecraft:open_chest":46,"minecraft:crouch_one_cm":2626,"minecraft:fall_one_cm":23585,"minecraft:horse_one_cm":207578},"minecraft:killed":{"minecraft:spider":2,"minecraft:skeleton":3,"minecraft:chicken":5,"minecraft:pig":2,"minecraft:creeper":1,"minecraft:squid":9,"minecraft:sheep":21,"minecraft:cow":6},"minecraft:used":{"minecraft:peony":5,"minecraft:rose_bush":1,"minecraft:iron_shovel":134,"minecraft:armor_stand":3,"minecraft:spruce_planks":20,"minecraft:cooked_chicken":2,"minecraft:torch":31,"minecraft:dirt":53,"minecraft:spruce_stairs":2,"minecraft:cobblestone_wall":7,"minecraft:glass":14,"minecraft:iron_axe":191,"minecraft:birch_sapling":1,"minecraft:stone_brick_stairs":1,"minecraft:barrel":1,"minecraft:item_frame":1,"minecraft:hay_block":3,"minecraft:oak_sapling":1,"minecraft:egg":2,"minecraft:cooked_mutton":1,"minecraft:water_bucket":26,"minecraft:cobblestone_stairs":8,"minecraft:composter":1,"minecraft:stonecutter":1,"minecraft:crafting_table":2,"minecraft:red_bed":1,"minecraft:blast_furnace":1,"minecraft:white_bed":2,"minecraft:black_bed":2,"minecraft:painting":5,"minecraft:shears":178,"minecraft:oxeye_daisy":1,"minecraft:bread":7,"minecraft:iron_pickaxe":172,"minecraft:spruce_sapling":4,"minecraft:cobblestone":86,"minecraft:cooked_porkchop":4,"minecraft:bucket":27,"minecraft:yellow_bed":5,"minecraft:oak_boat":2},"minecraft:dropped":{"minecraft:water_bucket":1,"minecraft:birch_leaves":9,"minecraft:cooked_beef":6,"minecraft:cooked_porkchop":9,"minecraft:iron_helmet":1,"minecraft:cobblestone":1,"minecraft:dirt":9,"minecraft:iron_leggings":2,"minecraft:iron_axe":1,"minecraft:iron_pickaxe":1,"minecraft:stripped_oak_wood":3,"minecraft:iron_shovel":1,"minecraft:bricks":2,"minecraft:wheat":1,"minecraft:rotten_flesh":5,"minecraft:light_gray_wool":3,"minecraft:iron_boots":1,"minecraft:spruce_planks":3,"minecraft:iron_chestplate":2,"minecraft:ladder":2,"minecraft:spider_eye":1},"minecraft:mined":{"minecraft:white_bed":1,"minecraft:cobblestone_stairs":1,"minecraft:grass_block":17,"minecraft:spruce_leaves":6,"minecraft:composter":1,"minecraft:oxeye_daisy":1,"minecraft:large_fern":3,"minecraft:hay_block":64,"minecraft:smooth_stone":8,"minecraft:carrots":7,"minecraft:barrel":1,"minecraft:peony":6,"minecraft:potatoes":4,"minecraft:stone":151,"minecraft:crafting_table":1,"minecraft:blast_furnace":1,"minecraft:rose_bush":1,"minecraft:glass":1,"minecraft:tall_grass":4,"minecraft:cobblestone":4,"minecraft:sugar_cane":3,"minecraft:bricks":2,"minecraft:wall_torch":1,"minecraft:cobblestone_wall":3,"minecraft:birch_log":35,"minecraft:ice":1,"minecraft:wheat":11,"minecraft:birch_leaves":16,"minecraft:stripped_oak_wood":5,"minecraft:yellow_bed":5,"minecraft:stone_brick_stairs":1,"minecraft:grass":12,"minecraft:oak_log":18,"minecraft:beetroots":5,"minecraft:dirt":117,"minecraft:stonecutter":1,"minecraft:oak_leaves":164,"minecraft:fern":1}},"DataVersion":2584}