{"stats":{"minecraft:used":{"minecraft:dirt":3},"minecraft:custom":{"minecraft:time_since_rest":1154,"minecraft:play_one_minute":4582,"minecraft:sprint_one_cm":20268,"minecraft:deaths":1,"minecraft:damage_taken":495,"minecraft:walk_one_cm":55762,"minecraft:mob_kills":1,"minecraft:jump":202,"minecraft:damage_dealt":296,"minecraft:leave_game":2,"minecraft:time_since_death":1019,"minecraft:walk_on_water_one_cm":282,"minecraft:fall_one_cm":4702,"minecraft:fly_one_cm":15134},"minecraft:killed_by":{"minecraft:creeper":1},"minecraft:killed":{"minecraft:pig":1},"minecraft:mined":{"minecraft:large_fern":1,"minecraft:grass_block":6,"minecraft:packed_ice":1,"minecraft:spruce_leaves":4,"minecraft:spruce_log":2,"minecraft:fern":1},"minecraft:picked_up":{"minecraft:porkchop":1,"minecraft:dirt":3}},"DataVersion":2584}