{"stats":{"minecraft:killed_by":{"minecraft:creeper":6,"minecraft:silverfish":1,"minecraft:zombie":8,"minecraft:spider":2,"minecraft:enderman":2,"minecraft:skeleton":2},"minecraft:mined":{"minecraft:spruce_planks":186,"minecraft:white_bed":12,"minecraft:oak_sapling":3,"minecraft:farmland":4,"minecraft:granite":36,"minecraft:stone_brick_wall":5,"minecraft:grass_block":946,"minecraft:light_gray_bed":7,"minecraft:oak_pressure_plate":1,"minecraft:iron_ore":181,"minecraft:barrel":6,"minecraft:pumpkin":10,"minecraft:oak_stairs":2,"minecraft:spruce_pressure_plate":2,"minecraft:red_bed":5,"minecraft:smoker":2,"minecraft:torch":10,"minecraft:blast_furnace":3,"minecraft:poppy":1,"minecraft:chest":2,"minecraft:glass":3,"minecraft:cobblestone":106,"minecraft:sugar_cane":1,"minecraft:oak_planks":55,"minecraft:wall_torch":14,"minecraft:wheat":98,"minecraft:stone_brick_stairs":2,"minecraft:grass":37,"minecraft:oak_log":78,"minecraft:sand":98,"minecraft:dirt":1223,"minecraft:stonecutter":2,"minecraft:oak_leaves":82,"minecraft:oak_door":5,"minecraft:ladder":1,"minecraft:spruce_fence":3,"minecraft:spruce_leaves":245,"minecraft:large_fern":13,"minecraft:hay_block":3,"minecraft:redstone_ore":16,"minecraft:spruce_sapling":41,"minecraft:furnace":5,"minecraft:carrots":40,"minecraft:snow":31,"minecraft:andesite":8,"minecraft:stone":2441,"minecraft:white_wool":1,"minecraft:smithing_table":2,"minecraft:stone_brick_slab":1,"minecraft:spruce_door":14,"minecraft:crafting_table":7,"minecraft:emerald_ore":6,"minecraft:diorite":10,"minecraft:spruce_stairs":75,"minecraft:cobblestone_wall":2,"minecraft:sweet_berry_bush":132,"minecraft:ice":1,"minecraft:spruce_log":561,"minecraft:white_wall_banner":2,"minecraft:grass_path":13,"minecraft:coal_ore":412,"minecraft:gravel":26,"minecraft:spruce_fence_gate":4,"minecraft:stone_bricks":9,"minecraft:gold_ore":26,"minecraft:infested_stone":1},"minecraft:killed":{"minecraft:cave_spider":1,"minecraft:spider":18,"minecraft:skeleton":33,"minecraft:fox":1,"minecraft:chicken":12,"minecraft:silverfish":1,"minecraft:pig":10,"minecraft:zombie_villager":1,"minecraft:creeper":3,"minecraft:sheep":15,"minecraft:trader_llama":4,"minecraft:pillager":11,"minecraft:zombie":58,"minecraft:cow":4,"minecraft:llama":4,"minecraft:wandering_trader":1,"minecraft:squid":1,"minecraft:enderman":1},"minecraft:broken":{"minecraft:iron_shovel":3,"minecraft:stone_pickaxe":11,"minecraft:stone_axe":3,"minecraft:iron_sword":1,"minecraft:wooden_axe":1,"minecraft:stone_shovel":9,"minecraft:stone_sword":1,"minecraft:iron_axe":2,"minecraft:iron_pickaxe":7,"minecraft:iron_helmet":1},"minecraft:custom":{"minecraft:animals_bred":5,"minecraft:interact_with_crafting_table":167,"minecraft:open_barrel":54,"minecraft:eat_cake_slice":3,"minecraft:leave_game":8,"minecraft:time_since_death":84918,"minecraft:sprint_one_cm":2686814,"minecraft:damage_blocked_by_shield":2530,"minecraft:drop":242,"minecraft:talked_to_villager":1,"minecraft:deaths":26,"minecraft:jump":13035,"minecraft:walk_on_water_one_cm":84954,"minecraft:interact_with_furnace":82,"minecraft:play_one_minute":885775,"minecraft:sleep_in_bed":63,"minecraft:damage_dealt":27922,"minecraft:crouch_one_cm":5784,"minecraft:interact_with_smoker":38,"minecraft:interact_with_smithing_table":5,"minecraft:mob_kills":183,"minecraft:climb_one_cm":2752,"minecraft:walk_one_cm":3513797,"minecraft:sneak_time":2568,"minecraft:walk_under_water_one_cm":27324,"minecraft:interact_with_blast_furnace":98,"minecraft:interact_with_stonecutter":1,"minecraft:time_since_rest":16418,"minecraft:damage_taken":15522,"minecraft:swim_one_cm":1917,"minecraft:fly_one_cm":1534943,"minecraft:open_chest":400,"minecraft:fish_caught":16,"minecraft:fall_one_cm":325323},"minecraft:picked_up":{"minecraft:wooden_axe":2,"minecraft:iron_chestplate":12,"minecraft:wheat":105,"minecraft:smithing_table":3,"minecraft:lead":30,"minecraft:oak_stairs":2,"minecraft:potion":1,"minecraft:stone_brick_stairs":2,"minecraft:string":32,"minecraft:iron_leggings":10,"minecraft:armor_stand":1,"minecraft:pufferfish":6,"minecraft:bucket":5,"minecraft:spruce_planks":711,"minecraft:iron_pickaxe":17,"minecraft:iron_boots":9,"minecraft:furnace":6,"minecraft:spruce_pressure_plate":2,"minecraft:stick":341,"minecraft:torch":490,"minecraft:spruce_stairs":81,"minecraft:porkchop":36,"minecraft:diorite":42,"minecraft:golden_chestplate":1,"minecraft:stone_sword":26,"minecraft:light_gray_bed":6,"minecraft:rotten_flesh":226,"minecraft:cod":11,"minecraft:snowball":123,"minecraft:cobblestone":4054,"minecraft:feather":29,"minecraft:cooked_beef":8,"minecraft:water_bucket":3,"minecraft:andesite":15,"minecraft:brown_wool":8,"minecraft:smoker":2,"minecraft:flint":7,"minecraft:lapis_lazuli":27,"minecraft:dirt":4565,"minecraft:glass":26,"minecraft:bone":121,"minecraft:stonecutter":2,"minecraft:bow":7,"minecraft:wheat_seeds":288,"minecraft:stone_hoe":1,"minecraft:oak_planks":167,"minecraft:cooked_porkchop":32,"minecraft:oak_pressure_plate":1,"minecraft:sand":133,"minecraft:ink_sac":6,"minecraft:grass_block":2,"minecraft:barrel":6,"minecraft:spruce_fence_gate":4,"minecraft:crossbow":1,"minecraft:granite":68,"minecraft:bone_meal":12,"minecraft:emerald":13,"minecraft:bread":8,"minecraft:oak_sapling":27,"minecraft:bricks":8,"minecraft:fishing_rod":1,"minecraft:charcoal":9,"minecraft:crafting_table":10,"minecraft:chicken":17,"minecraft:ladder":3,"minecraft:wooden_pickaxe":1,"minecraft:stone_brick_wall":5,"minecraft:shield":16,"minecraft:red_bed":3,"minecraft:iron_axe":13,"minecraft:iron_shovel":2,"minecraft:beef":12,"minecraft:poppy":6,"minecraft:light_gray_wool":5,"minecraft:sugar_cane":3,"minecraft:chest":3,"minecraft:egg":11,"minecraft:stone":6,"minecraft:oak_door":4,"minecraft:spruce_fence":4,"minecraft:carrot":200,"minecraft:redstone":260,"minecraft:arrow":196,"minecraft:stone_shovel":24,"minecraft:cooked_cod":16,"minecraft:hay_block":3,"minecraft:gold_ingot":11,"minecraft:mutton":23,"minecraft:white_wool":24,"minecraft:salmon":3,"minecraft:leather":16,"minecraft:oak_log":83,"minecraft:gunpowder":4,"minecraft:cobblestone_wall":2,"minecraft:white_banner":7,"minecraft:cooked_mutton":19,"minecraft:apple":3,"minecraft:stone_bricks":13,"minecraft:iron_ingot":95,"minecraft:stone_pickaxe":31,"minecraft:cooked_chicken":7,"minecraft:iron_ore":542,"minecraft:iron_sword":12,"minecraft:pumpkin":26,"minecraft:sweet_berries":1071,"minecraft:stone_brick_slab":1,"minecraft:dandelion":1,"minecraft:gravel":96,"minecraft:spruce_sapling":225,"minecraft:blast_furnace":3,"minecraft:white_bed":16,"minecraft:spruce_log":877,"minecraft:gold_ore":62,"minecraft:spruce_door":22,"minecraft:spider_eye":10,"minecraft:stone_axe":21,"minecraft:iron_helmet":7,"minecraft:painting":38,"minecraft:gray_wool":1,"minecraft:coal":1114,"minecraft:ender_pearl":1},"minecraft:dropped":{"minecraft:iron_sword":5,"minecraft:cooked_beef":3,"minecraft:cooked_porkchop":12,"minecraft:dirt":844,"minecraft:red_bed":1,"minecraft:cooked_cod":1,"minecraft:iron_pickaxe":9,"minecraft:fishing_rod":1,"minecraft:white_wool":3,"minecraft:bone":36,"minecraft:gravel":31,"minecraft:stone_axe":7,"minecraft:cooked_chicken":4,"minecraft:rotten_flesh":207,"minecraft:oak_planks":7,"minecraft:cooked_mutton":8,"minecraft:white_bed":4,"minecraft:carrot":15,"minecraft:poppy":1,"minecraft:iron_ore":26,"minecraft:iron_ingot":50,"minecraft:wheat_seeds":7,"minecraft:iron_helmet":4,"minecraft:feather":6,"minecraft:cobblestone":243,"minecraft:granite":16,"minecraft:spruce_door":1,"minecraft:grass_block":1,"minecraft:coal":12,"minecraft:stick":21,"minecraft:diorite":1,"minecraft:torch":26,"minecraft:wooden_axe":2,"minecraft:brown_wool":4,"minecraft:iron_leggings":5,"minecraft:iron_axe":2,"minecraft:sweet_berries":50,"minecraft:stone_sword":7,"minecraft:stone_shovel":8,"minecraft:chicken":5,"minecraft:iron_boots":5,"minecraft:stone":3,"minecraft:shield":6,"minecraft:spruce_planks":32,"minecraft:iron_chestplate":7,"minecraft:andesite":6,"minecraft:spider_eye":6,"minecraft:bow":2,"minecraft:stone_pickaxe":15},"minecraft:used":{"minecraft:iron_shovel":964,"minecraft:carrot_on_a_stick":3,"minecraft:poppy":1,"minecraft:ladder":3,"minecraft:chest":10,"minecraft:shield":73,"minecraft:iron_sword":401,"minecraft:carrot":136,"minecraft:snowball":37,"minecraft:milk_bucket":3,"minecraft:glass":41,"minecraft:stone_brick_stairs":2,"minecraft:stone_bricks":24,"minecraft:bow":29,"minecraft:sweet_berries":429,"minecraft:furnace":7,"minecraft:oak_sapling":2,"minecraft:cooked_cod":10,"minecraft:egg":11,"minecraft:diorite":4,"minecraft:spruce_door":20,"minecraft:stone_pickaxe":1481,"minecraft:oak_planks":183,"minecraft:wooden_pickaxe":25,"minecraft:white_wool":1,"minecraft:blast_furnace":3,"minecraft:crossbow":14,"minecraft:stone_brick_wall":13,"minecraft:bread":16,"minecraft:string":1,"minecraft:oak_pressure_plate":3,"minecraft:gravel":8,"minecraft:smithing_table":3,"minecraft:andesite":1,"minecraft:bone_meal":111,"minecraft:stone_sword":312,"minecraft:armor_stand":1,"minecraft:stone_shovel":1381,"minecraft:spruce_planks":941,"minecraft:cooked_salmon":2,"minecraft:wooden_shovel":12,"minecraft:cooked_chicken":10,"minecraft:stone_hoe":41,"minecraft:oak_door":6,"minecraft:torch":112,"minecraft:dirt":1556,"minecraft:spruce_stairs":136,"minecraft:cobblestone_wall":1,"minecraft:spruce_fence":39,"minecraft:granite":21,"minecraft:stone_brick_slab":1,"minecraft:wooden_axe":109,"minecraft:iron_axe":930,"minecraft:oak_stairs":2,"minecraft:barrel":13,"minecraft:cooked_beef":13,"minecraft:pumpkin":2,"minecraft:light_gray_bed":7,"minecraft:wheat_seeds":116,"minecraft:cooked_mutton":23,"minecraft:water_bucket":112,"minecraft:lead":4,"minecraft:stonecutter":2,"minecraft:spruce_fence_gate":7,"minecraft:salmon":1,"minecraft:crafting_table":9,"minecraft:red_bed":3,"minecraft:white_bed":13,"minecraft:painting":52,"minecraft:spruce_log":25,"minecraft:smoker":3,"minecraft:apple":2,"minecraft:chicken":3,"minecraft:iron_pickaxe":1883,"minecraft:spruce_pressure_plate":11,"minecraft:spruce_sapling":120,"minecraft:stone_axe":357,"minecraft:fishing_rod":31,"minecraft:cobblestone":305,"minecraft:potion":1,"minecraft:porkchop":3,"minecraft:white_banner":7,"minecraft:cooked_porkchop":22,"minecraft:bucket":114},"minecraft:crafted":{"minecraft:oak_planks":274,"minecraft:oak_sign":3,"minecraft:barrel":16,"minecraft:oak_pressure_plate":3,"minecraft:cooked_chicken":9,"minecraft:stone":12,"minecraft:cooked_mutton":21,"minecraft:spruce_pressure_plate":11,"minecraft:glass":52,"minecraft:iron_boots":4,"minecraft:chest":7,"minecraft:stone_bricks":76,"minecraft:oak_slab":18,"minecraft:wooden_shovel":1,"minecraft:cooked_porkchop":38,"minecraft:crafting_table":3,"minecraft:spruce_planks":1386,"minecraft:wooden_pickaxe":2,"minecraft:iron_helmet":4,"minecraft:spruce_door":3,"minecraft:smithing_table":1,"minecraft:painting":3,"minecraft:light_gray_bed":1,"minecraft:iron_chestplate":3,"minecraft:charcoal":8,"minecraft:shield":3,"minecraft:stick":274,"minecraft:leather_chestplate":1,"minecraft:iron_ingot":351,"minecraft:iron_pickaxe":10,"minecraft:stone_sword":2,"minecraft:spruce_fence_gate":3,"minecraft:oak_door":3,"minecraft:stone_shovel":14,"minecraft:stone_brick_wall":36,"minecraft:fishing_rod":1,"minecraft:furnace":1,"minecraft:bone_meal":109,"minecraft:spruce_fence":48,"minecraft:spruce_stairs":92,"minecraft:iron_axe":4,"minecraft:spruce_slab":24,"minecraft:stone_pickaxe":17,"minecraft:wheat":27,"minecraft:cooked_cod":9,"minecraft:iron_sword":3,"minecraft:cooked_salmon":2,"minecraft:bucket":1,"minecraft:stone_axe":4,"minecraft:bread":13,"minecraft:wooden_axe":3,"minecraft:iron_shovel":4,"minecraft:iron_leggings":3,"minecraft:torch":108,"minecraft:carrot_on_a_stick":1}},"DataVersion":2584}