{"stats":{"minecraft:crafted":{"minecraft:furnace":1,"minecraft:bookshelf":1,"minecraft:flint_and_steel":1,"minecraft:iron_boots":1,"minecraft:iron_axe":2,"minecraft:iron_hoe":1,"minecraft:spruce_slab":6,"minecraft:stone_pickaxe":1,"minecraft:chest":1,"minecraft:cooked_rabbit":1,"minecraft:cooked_beef":7,"minecraft:emerald":32,"minecraft:crafting_table":2,"minecraft:spruce_planks":564,"minecraft:wooden_pickaxe":1,"minecraft:iron_helmet":1,"minecraft:iron_sword":1,"minecraft:fletching_table":1,"minecraft:bucket":1,"minecraft:stone_axe":1,"minecraft:enchanted_book":1,"minecraft:air":0,"minecraft:lectern":1,"minecraft:iron_chestplate":1,"minecraft:book":4,"minecraft:paper":15,"minecraft:shield":1,"minecraft:stick":1032,"minecraft:iron_ingot":43,"minecraft:iron_pickaxe":1,"minecraft:iron_shovel":1,"minecraft:iron_leggings":1,"minecraft:torch":4,"minecraft:shears":1},"minecraft:picked_up":{"minecraft:crafting_table":6,"minecraft:wooden_pickaxe":1,"minecraft:string":2,"minecraft:iron_axe":1,"minecraft:spruce_planks":16,"minecraft:beef":8,"minecraft:spruce_slab":2,"minecraft:lectern":35,"minecraft:sugar_cane":17,"minecraft:chest":2,"minecraft:spruce_trapdoor":2,"minecraft:furnace":4,"minecraft:stick":14,"minecraft:composter":1,"minecraft:torch":1,"minecraft:spruce_stairs":3,"minecraft:spruce_fence":1,"minecraft:porkchop":5,"minecraft:diorite":1,"minecraft:rabbit_foot":1,"minecraft:arrow":6,"minecraft:rotten_flesh":5,"minecraft:hay_block":1,"minecraft:mutton":1,"minecraft:white_wool":4,"minecraft:cobblestone":78,"minecraft:cooked_beef":7,"minecraft:leather":8,"minecraft:smoker":1,"minecraft:flint":3,"minecraft:gunpowder":1,"minecraft:cobblestone_stairs":1,"minecraft:blue_bed":1,"minecraft:dirt":29,"minecraft:cooked_mutton":1,"minecraft:bone":9,"minecraft:stonecutter":1,"minecraft:wheat_seeds":6,"minecraft:rabbit_hide":2,"minecraft:grindstone":3,"minecraft:stone_pickaxe":1,"minecraft:iron_ore":80,"minecraft:rabbit":1,"minecraft:fletching_table":1,"minecraft:cooked_porkchop":6,"minecraft:sweet_berries":15,"minecraft:dandelion":1,"minecraft:gravel":21,"minecraft:sand":1,"minecraft:spruce_sapling":19,"minecraft:ink_sac":3,"minecraft:spruce_log":143,"minecraft:spider_eye":2,"minecraft:mossy_cobblestone":2,"minecraft:pumpkin_seeds":10,"minecraft:stone_axe":1,"minecraft:black_wool":1,"minecraft:coal":17},"minecraft:broken":{"minecraft:iron_axe":1},"minecraft:custom":{"minecraft:mob_kills":21,"minecraft:interact_with_crafting_table":33,"minecraft:open_barrel":7,"minecraft:leave_game":7,"minecraft:time_since_death":93073,"minecraft:sprint_one_cm":345247,"minecraft:walk_one_cm":215233,"minecraft:damage_blocked_by_shield":560,"minecraft:drop":21,"minecraft:talked_to_villager":66,"minecraft:deaths":1,"minecraft:sneak_time":3108,"minecraft:walk_under_water_one_cm":5475,"minecraft:jump":2092,"minecraft:walk_on_water_one_cm":9816,"minecraft:interact_with_furnace":32,"minecraft:traded_with_villager":33,"minecraft:play_one_minute":101032,"minecraft:sleep_in_bed":4,"minecraft:time_since_rest":9767,"minecraft:damage_taken":823,"minecraft:damage_dealt":2323,"minecraft:swim_one_cm":19487,"minecraft:fly_one_cm":475510,"minecraft:open_chest":33,"minecraft:crouch_one_cm":6208,"minecraft:interact_with_smoker":6,"minecraft:fall_one_cm":56766},"minecraft:killed":{"minecraft:spider":3,"minecraft:skeleton":2,"minecraft:pig":2,"minecraft:rabbit":2,"minecraft:creeper":1,"minecraft:sheep":2,"minecraft:zombie":1,"minecraft:cow":7},"minecraft:killed_by":{"minecraft:enderman":1},"minecraft:used":{"minecraft:iron_shovel":24,"minecraft:flint_and_steel":12,"minecraft:spruce_slab":2,"minecraft:spruce_planks":10,"minecraft:chest":2,"minecraft:shield":8,"minecraft:iron_sword":14,"minecraft:torch":5,"minecraft:dirt":24,"minecraft:spruce_stairs":1,"minecraft:lava_bucket":8,"minecraft:iron_axe":242,"minecraft:furnace":5,"minecraft:cooked_beef":6,"minecraft:cooked_mutton":1,"minecraft:water_bucket":10,"minecraft:diorite":1,"minecraft:stone_pickaxe":72,"minecraft:wooden_pickaxe":3,"minecraft:blue_bed":1,"minecraft:fletching_table":2,"minecraft:white_wool":2,"minecraft:mossy_cobblestone":1,"minecraft:sand":1,"minecraft:crafting_table":7,"minecraft:smoker":1,"minecraft:spruce_log":5,"minecraft:iron_pickaxe":118,"minecraft:lectern":36,"minecraft:spruce_trapdoor":1,"minecraft:spruce_sapling":1,"minecraft:gravel":3,"minecraft:stone_axe":14,"minecraft:cobblestone":62,"minecraft:cooked_porkchop":6,"minecraft:cooked_rabbit":1,"minecraft:bucket":18,"minecraft:dandelion":1},"minecraft:dropped":{"minecraft:wheat_seeds":5,"minecraft:leather":3,"minecraft:ink_sac":3,"minecraft:iron_axe":1,"minecraft:string":1,"minecraft:spruce_sapling":2,"minecraft:stone_axe":1,"minecraft:sweet_berries":3,"minecraft:rabbit_foot":1,"minecraft:rabbit_hide":2,"minecraft:gunpowder":1,"minecraft:spider_eye":1,"minecraft:arrow":2,"minecraft:stone_pickaxe":1,"minecraft:wooden_pickaxe":1},"minecraft:mined":{"minecraft:spruce_planks":1,"minecraft:mossy_cobblestone":2,"minecraft:cobblestone_stairs":1,"minecraft:spruce_trapdoor":2,"minecraft:spruce_fence":1,"minecraft:grass_block":9,"minecraft:spruce_leaves":30,"minecraft:composter":1,"minecraft:large_fern":5,"minecraft:hay_block":1,"minecraft:furnace":4,"minecraft:iron_ore":61,"minecraft:fire":11,"minecraft:fletching_table":1,"minecraft:stone":56,"minecraft:white_wool":2,"minecraft:spruce_slab":1,"minecraft:glass_pane":1,"minecraft:smoker":1,"minecraft:crafting_table":5,"minecraft:chest":2,"minecraft:lectern":35,"minecraft:cobblestone":22,"minecraft:grindstone":3,"minecraft:sugar_cane":9,"minecraft:diorite":1,"minecraft:wall_torch":1,"minecraft:blue_bed":1,"minecraft:spruce_stairs":3,"minecraft:sweet_berry_bush":6,"minecraft:ice":1,"minecraft:spruce_log":140,"minecraft:grass":11,"minecraft:coal_ore":9,"minecraft:dirt":21,"minecraft:sand":1,"minecraft:gravel":24,"minecraft:stonecutter":1,"minecraft:oak_leaves":1,"minecraft:fern":1}},"DataVersion":2584}