{"stats":{"minecraft:crafted":{"minecraft:crafting_table":1,"minecraft:stick":4,"minecraft:spruce_planks":46,"minecraft:wooden_axe":1},"minecraft:killed_by":{"minecraft:creeper":1},"minecraft:dropped":{"minecraft:wheat_seeds":1,"minecraft:dandelion":1},"minecraft:used":{"minecraft:wooden_axe":3,"minecraft:beef":1,"minecraft:crafting_table":1,"minecraft:porkchop":3,"minecraft:spruce_sapling":1},"minecraft:picked_up":{"minecraft:feather":1,"minecraft:chicken":1,"minecraft:wheat_seeds":2,"minecraft:dandelion":1,"minecraft:beef":1,"minecraft:porkchop":3,"minecraft:spruce_sapling":1,"minecraft:spruce_log":12,"minecraft:snowball":3,"minecraft:egg":1},"minecraft:mined":{"minecraft:large_fern":11,"minecraft:grass_block":1,"minecraft:spruce_leaves":10,"minecraft:spruce_log":17,"minecraft:dandelion":1,"minecraft:fern":2},"minecraft:killed":{"minecraft:pig":1,"minecraft:chicken":1,"minecraft:cow":1},"minecraft:custom":{"minecraft:time_since_rest":1307,"minecraft:play_one_minute":9843,"minecraft:damage_taken":478,"minecraft:sprint_one_cm":87452,"minecraft:walk_one_cm":71726,"minecraft:deaths":1,"minecraft:mob_kills":3,"minecraft:drop":2,"minecraft:jump":355,"minecraft:damage_dealt":412,"minecraft:leave_game":3,"minecraft:time_since_death":1284,"minecraft:interact_with_crafting_table":2,"minecraft:fly_one_cm":40361,"minecraft:fall_one_cm":13881}},"DataVersion":2584}